scan_idx,x,y,z,a,b,c,d
256,-0.03908986143480237,-0.5846948027409048,0.0,-0.14505266783295417,-0.01347543762934611,0.989332166734328,-0.5291455861079534
257,-0.035693910307778735,-0.5849119372915531,0.0,-0.14505266783295417,-0.01347543762934611,0.989332166734328,-0.5291455861079534
258,-0.032076299442576985,-0.5811154196848116,0.0,-0.14505266783295417,-0.01347543762934611,0.989332166734328,-0.5291455861079534
259,-0.028602620458992346,-0.5792942868208615,0.0,-0.14505266783295417,-0.01347543762934611,0.989332166734328,-0.5291455861079534
260,-0.025151179483510994,-0.5774525336716774,0.0,-0.14505266783295417,-0.01347543762934611,0.989332166734328,-0.5291455861079534
261,-0.021797518845753917,-0.5775888491352827,0.0,-0.14505266783295417,-0.01347543762934611,0.989332166734328,-0.5291455861079534
262,-0.018315488848441037,-0.5737077164925192,0.0,-0.14505266783295417,-0.01347543762934611,0.989332166734328,-0.5291455861079534
263,-0.014879273254959191,-0.5698057555636735,0.0,-0.14505266783295417,-0.01347543762934611,0.989332166734328,-0.5291455861079534
264,-0.01157019024570845,-0.5698825515347551,0.0,-0.14505266783295417,-0.01347543762934611,0.989332166734328,-0.5291455861079534
265,-0.008318687141570524,-0.5739397185585423,0.0,-0.14505266783295417,-0.01347543762934611,0.989332166734328,-0.5291455861079534
266,-0.004985709040536832,-0.5739783478496215,0.0,-0.14505266783295417,-0.01347543762934611,0.989332166734328,-0.5291455861079534
267,-0.001646804832333934,-0.5719976560982926,0.0,-0.14505266783295417,-0.01347543762934611,0.989332166734328,-0.5291455861079534
268,0.001668927338232634,-0.5699975495803682,0.0,-0.14505266783295417,-0.01347543762934611,0.989332166734328,-0.5291455861079534
269,0.004978845074970701,-0.5699782477847765,0.0,-0.14505266783295417,-0.01347543762934611,0.989332166734328,-0.5291455861079534
270,0.00831767820231641,-0.571939548184438,0.0,-0.14505266783295417,-0.01347543762934611,0.989332166734328,-0.5291455861079534
271,0.011679455364511777,-0.5738811648914839,0.0,-0.14505266783295417,-0.01347543762934611,0.989332166734328,-0.5291455861079534
272,0.014907144515772868,-0.5698050270824842,0.0,-0.14505266783295417,-0.01347543762934611,0.989332166734328,-0.5291455861079534
273,0.018151807093266057,-0.5677099021727934,0.0,-0.14505266783295417,-0.01347543762934611,0.989332166734328,-0.5291455861079534
274,0.021448162672520046,-0.5675949237297379,0.0,-0.14505266783295417,-0.01347543762934611,0.989332166734328,-0.5291455861079534
275,0.024656667489182698,-0.5654626702757477,0.0,-0.14505266783295417,-0.01347543762934611,0.989332166734328,-0.5291455861079534
276,0.0278411376700861,-0.5633124203196893,0.0,-0.14505266783295417,-0.01347543762934611,0.989332166734328,-0.5291455861079534
277,0.031001466560344634,-0.5611442620296718,0.0,-0.14505266783295417,-0.01347543762934611,0.989332166734328,-0.5291455861079534
278,0.034259479160440955,-0.5609547769877465,0.0,-0.14505266783295417,-0.01347543762934611,0.989332166734328,-0.5291455861079534
279,0.037649848859114356,-0.5627419485999572,0.0,-0.14505266783295417,-0.01347543762934611,0.989332166734328,-0.5291455861079534
280,0.04091702704653247,-0.5625138298129784,0.0,-0.14505266783295417,-0.01347543762934611,0.989332166734328,-0.5291455861079534
281,0.04402614613864221,-0.5602728551285491,0.0,-0.14505266783295417,-0.01347543762934611,0.989332166734328,-0.5291455861079534
282,0.047278878922450474,-0.5600077511477439,0.0,-0.14505266783295417,-0.01347543762934611,0.989332166734328,-0.5291455861079534
283,0.050530017418768426,-0.5597237631880356,0.0,-0.14505266783295417,-0.01347543762934611,0.989332166734328,-0.5291455861079534
284,0.0537794519962014,-0.5594209008257606,0.0,-0.14505266783295417,-0.01347543762934611,0.989332166734328,-0.5291455861079534
285,0.057230019845189745,-0.5610888848139038,0.0,-0.14505266783295417,-0.01347543762934611,0.989332166734328,-0.5291455861079534
249,-0.0512407841745111,-0.47524558693967417,0.0,0.0038520513668174198,0.19446539340979027,0.9809018159154579,-0.4493015145872138
250,-0.04837877233574072,-0.4745402960420495,0.0,0.0038520513668174198,0.19446539340979027,0.9809018159154579,-0.4493015145872138
251,-0.045335394010912834,-0.4718269901187075,0.0,0.0038520513668174198,0.19446539340979027,0.9809018159154579,-0.4493015145872138
252,-0.042684616243790156,-0.4730782365250796,0.0,0.0038520513668174198,0.19446539340979027,0.9809018159154579,-0.4493015145872138
253,-0.04010491115879194,-0.4753110500307507,0.0,0.0038520513668174198,0.19446539340979027,0.9809018159154579,-0.4493015145872138
254,-0.03726584006246258,-0.47453900535705756,0.0,0.0038520513668174198,0.19446539340979027,0.9809018159154579,-0.4493015145872138
255,-0.034509588627324374,-0.47474740518890607,0.0,0.0038520513668174198,0.19446539340979027,0.9809018159154579,-0.4493015145872138
256,-0.031685466122475414,-0.47394200655160357,0.0,0.0038520513668174198,0.19446539340979027,0.9809018159154579,-0.4493015145872138
257,-0.02893277551577274,-0.47411801151033345,0.0,0.0038520513668174198,0.19446539340979027,0.9809018159154579,-0.4493015145872138
258,-0.026234224117036572,-0.47527652574664747,0.0,0.0038520513668174198,0.19446539340979027,0.9809018159154579,-0.4493015145872138
259,-0.023473875937819223,-0.475420853128344,0.0,0.0038520513668174198,0.19446539340979027,0.9809018159154579,-0.4493015145872138
260,-0.020799763378703855,-0.4775472287762166,0.0,0.0038520513668174198,0.19446539340979027,0.9809018159154579,-0.4493015145872138
261,-0.018064033581712945,-0.4786592658106638,0.0,0.0038520513668174198,0.19446539340979027,0.9809018159154579,-0.4493015145872138
262,-0.015220362598008855,-0.47675710665156795,0.0,0.0038520513668174198,0.19446539340979027,0.9809018159154579,-0.4493015145872138
263,-0.012425498809507801,-0.47583780579117657,0.0,0.0038520513668174198,0.19446539340979027,0.9809018159154579,-0.4493015145872138
264,-0.009641825204757041,-0.47490212627896256,0.0,0.0038520513668174198,0.19446539340979027,0.9809018159154579,-0.4493015145872138
265,-0.006883930899124967,-0.4749501087829488,0.0,0.0038520513668174198,0.19446539340979027,0.9809018159154579,-0.4493015145872138
266,-0.004117118668571345,-0.4739821261276342,0.0,0.0038520513668174198,0.19446539340979027,0.9809018159154579,-0.4493015145872138
267,-0.0013646599046716276,-0.47399804246214794,0.0,0.0038520513668174198,0.19446539340979027,0.9809018159154579,-0.4493015145872138
268,0.0013819889794831545,-0.47199797966439033,0.0,0.0038520513668174198,0.19446539340979027,0.9809018159154579,-0.4493015145872138
269,0.004122833191437828,-0.471981996422831,0.0,0.0038520513668174198,0.19446539340979027,0.9809018159154579,-0.4493015145872138
270,0.006878079585212209,-0.47294997890725465,0.0,0.0038520513668174198,0.19446539340979027,0.9809018159154579,-0.4493015145872138
271,0.009644707167829352,-0.47390187399740297,0.0,0.0038520513668174198,0.19446539340979027,0.9809018159154579,-0.4493015145872138
272,0.012396467881075181,-0.47383787748414236,0.0,0.0038520513668174198,0.19446539340979027,0.9809018159154579,-0.4493015145872138
273,0.015147810573967793,-0.4737579027197529,0.0,0.0038520513668174198,0.19446539340979027,0.9809018159154579,-0.4493015145872138
274,0.01789864246868891,-0.4736619524010575,0.0,0.0038520513668174198,0.19446539340979027,0.9809018159154579,-0.4493015145872138
275,0.020735997017090318,-0.47554813517511957,0.0,0.0038520513668174198,0.19446539340979027,0.9809018159154579,-0.4493015145872138
252,-0.046009525955984995,-0.5099285718839942,0.0,0.02138987894503247,0.37787373504460087,0.9256100223323859,-0.4573011519837569
253,-0.04304762174152495,-0.5101871491568,0.0,0.02138987894503247,0.37787373504460087,0.9256100223323859,-0.4573011519837569
254,-0.03992768411463044,-0.5084346273748124,0.0,0.02138987894503247,0.37787373504460087,0.9256100223323859,-0.4573011519837569
255,-0.03682956129883833,-0.5066632016304303,0.0,0.02138987894503247,0.37787373504460087,0.9256100223323859,-0.4573011519837569
256,-0.03388677369662711,-0.5068685263855871,0.0,0.02138987894503247,0.37787373504460087,0.9256100223323859,-0.4573011519837569
257,-0.03094284340109018,-0.5070567590656087,0.0,0.02138987894503247,0.37787373504460087,0.9256100223323859,-0.4573011519837569
258,-0.02799786968427775,-0.5072278933231149,0.0,0.02138987894503247,0.37787373504460087,0.9256100223323859,-0.4573011519837569
259,-0.025051951853425177,-0.5073819233873007,0.0,0.02138987894503247,0.37787373504460087,0.9256100223323859,-0.4573011519837569
260,-0.022018159473066574,-0.5055207046192355,0.0,0.02138987894503247,0.37787373504460087,0.9256100223323859,-0.4573011519837569
261,-0.018969121565546553,-0.5026422122481874,0.0,0.02138987894503247,0.37787373504460087,0.9256100223323859,-0.4573011519837569
262,-0.016113800985645205,-0.5047428460134326,0.0,0.02138987894503247,0.37787373504460087,0.9256100223323859,-0.4573011519837569
263,-0.013260826578241694,-0.5078269064851969,0.0,0.02138987894503247,0.37787373504460087,0.9256100223323859,-0.4573011519837569
264,-0.010311678782729915,-0.5078953492133442,0.0,0.02138987894503247,0.37787373504460087,0.9256100223323859,-0.4573011519837569
265,-0.007362183267879985,-0.5079466652409417,0.0,0.02138987894503247,0.37787373504460087,0.9256100223323859,-0.4573011519837569
266,-0.00442112528581626,-0.5089808022402699,0.0,0.02138987894503247,0.37787373504460087,0.9256100223323859,-0.4573011519837569
267,-0.0014654259196218232,-0.5089978938314142,0.0,0.02138987894503247,0.37787373504460087,0.9256100223323859,-0.4573011519837569
268,0.0014932507671281995,-0.5099978043822037,0.0,0.02138987894503247,0.37787373504460087,0.9256100223323859,-0.4573011519837569
269,0.0044547560923087525,-0.5099805343546753,0.0,0.02138987894503247,0.37787373504460087,0.9256100223323859,-0.4573011519837569
270,0.0074015699914319185,-0.5089461859171395,0.0,0.02138987894503247,0.37787373504460087,0.9256100223323859,-0.4573011519837569
271,0.010356869006348088,-0.5088946243205237,0.0,0.02138987894503247,0.37787373504460087,0.9256100223323859,-0.4573011519837569
272,0.01331181877807,-0.5088259023268779,0.0,0.02138987894503247,0.37787373504460087,0.9256100223323859,-0.4573011519837569
273,0.016234362668591407,-0.5077405458899336,0.0,0.02138987894503247,0.37787373504460087,0.9256100223323859,-0.4573011519837569
257,-0.02399897582507076,-0.3932684125055404,0.0,0.0016686070989354598,-0.26479674204141174,0.9643028057382201,-0.34829955916701577
258,-0.021659768940293093,-0.3924026753942552,0.0,0.0016686070989354598,-0.26479674204141174,0.9643028057382201,-0.34829955916701577
259,-0.019331426291929223,-0.3915230362570671,0.0,0.0016686070989354598,-0.26479674204141174,0.9643028057382201,-0.34829955916701577
260,-0.017014033027454762,-0.390629651628006,0.0,0.0016686070989354598,-0.26479674204141174,0.9643028057382201,-0.34829955916701577
261,-0.01474538026343303,-0.3907218650290298,0.0,0.0016686070989354598,-0.26479674204141174,0.9643028057382201,-0.34829955916701577
262,-0.012476230271561787,-0.39080090292767694,0.0,0.0016686070989354598,-0.26479674204141174,0.9643028057382201,-0.34829955916701577
263,-0.010206659569675806,-0.39086676265871645,0.0,0.0016686070989354598,-0.26479674204141174,0.9643028057382201,-0.34829955916701577
264,-0.00793674468979659,-0.39091944200129725,0.0,0.0016686070989354598,-0.26479674204141174,0.9643028057382201,-0.34829955916701577
265,-0.005666562175551647,-0.3909589391790233,0.0,0.0016686070989354598,-0.26479674204141174,0.9643028057382201,-0.34829955916701577
266,-0.003387502528323433,-0.38998527365611035,0.0,0.0016686070989354598,-0.26479674204141174,0.9643028057382201,-0.34829955916701577
267,-0.0011228213829893995,-0.38999836937370985,0.0,0.0016686070989354598,-0.26479674204141174,0.9643028057382201,-0.34829955916701577
268,0.0011418976249193307,-0.3899983139858747,0.0,0.0016686070989354598,-0.26479674204141174,0.9643028057382201,-0.34829955916701577
269,0.003406578126984857,-0.38998510749447274,0.0,0.0016686070989354598,-0.26479674204141174,0.9643028057382201,-0.34829955916701577
270,0.005700226604585198,-0.39195854293418503,0.0,0.0016686070989354598,-0.26479674204141174,0.9643028057382201,-0.34829955916701577
271,0.007996561025428204,-0.3929186433078516,0.0,0.0016686070989354598,-0.26479674204141174,0.9643028057382201,-0.34829955916701577
272,0.010304236702646507,-0.3938652279920836,0.0,0.0016686070989354598,-0.26479674204141174,0.9643028057382201,-0.34829955916701577
273,0.012591217690266618,-0.3937987510802396,0.0,0.0016686070989354598,-0.26479674204141174,0.9643028057382201,-0.34829955916701577
274,0.014877774090389968,-0.3937189949105777,0.0,0.0016686070989354598,-0.26479674204141174,0.9643028057382201,-0.34829955916701577
275,0.01712026634113842,-0.39262692435380003,0.0,0.0016686070989354598,-0.26479674204141174,0.9643028057382201,-0.34829955916701577
276,0.019399941643067367,-0.3925208879936986,0.0,0.0016686070989354598,-0.26479674204141174,0.9643028057382201,-0.34829955916701577
277,0.02167896276103554,-0.3924016154665036,0.0,0.0016686070989354598,-0.26479674204141174,0.9643028057382201,-0.34829955916701577
278,0.024018211989375895,-0.393267238157609,0.0,0.0016686070989354598,-0.26479674204141174,0.9643028057382201,-0.34829955916701577
279,0.026301489257429863,-0.39312113499291984,0.0,0.0016686070989354598,-0.26479674204141174,0.9643028057382201,-0.34829955916701577
280,0.02851133263003919,-0.3919644233330053,0.0,0.0016686070989354598,-0.26479674204141174,0.9643028057382201,-0.34829955916701577
281,0.030630291763967383,-0.38979839311794356,0.0,0.0016686070989354598,-0.26479674204141174,0.9643028057382201,-0.34829955916701577
282,0.03289331414808701,-0.3896139524391188,0.0,0.0016686070989354598,-0.26479674204141174,0.9643028057382201,-0.34829955916701577
283,0.03524513724844645,-0.39041231059326387,0.0,0.0016686070989354598,-0.26479674204141174,0.9643028057382201,-0.34829955916701577
284,0.0375116468107197,-0.39020106139781424,0.0,0.0016686070989354598,-0.26479674204141174,0.9643028057382201,-0.34829955916701577
256,-0.054832535422306095,-0.8201691514307877,0.0,0.17130795517623537,-0.20223804140884516,0.9642371902703459,-0.813020245023462
257,-0.0500689316736584,-0.8204737326572956,0.0,0.17130795517623537,-0.20223804140884516,0.9642371902703459,-0.813020245023462
258,-0.045193409858572606,-0.8187536528011102,0.0,0.17130795517623537,-0.20223804140884516,0.9642371902703459,-0.813020245023462
259,-0.04033955989759944,-0.8170047431510948,0.0,0.17130795517623537,-0.20223804140884516,0.9642371902703459,-0.813020245023462
260,-0.03533348933016437,-0.8112308589957374,0.0,0.17130795517623537,-0.20223804140884516,0.9642371902703459,-0.813020245023462
261,-0.03062211853982558,-0.8114223609879997,0.0,0.17130795517623537,-0.20223804140884516,0.9642371902703459,-0.813020245023462
262,-0.02597353325783595,-0.8135855164938126,0.0,0.17130795517623537,-0.20223804140884516,0.9642371902703459,-0.813020245023462
263,-0.021300854212916824,-0.8157219187366835,0.0,0.17130795517623537,-0.20223804140884516,0.9642371902703459,-0.813020245023462
264,-0.01656364067091823,-0.8158318582314502,0.0,0.17130795517623537,-0.20223804140884516,0.9642371902703459,-0.813020245023462
265,-0.011825868587648829,-0.8159142871220016,0.0,0.17130795517623537,-0.20223804140884516,0.9642371902703459,-0.813020245023462
266,-0.007105069827701547,-0.8179691610365649,0.0,0.17130795517623537,-0.20223804140884516,0.9642371902703459,-0.813020245023462
267,-0.0023550460150134557,-0.8179966284663927,0.0,0.17130795517623537,-0.20223804140884516,0.9642371902703459,-0.813020245023462
268,0.0023833454173265325,-0.8139965213334891,0.0,0.17130795517623537,-0.20223804140884516,0.9642371902703459,-0.813020245023462
269,0.007110140340547369,-0.813968957014171,0.0,0.17130795517623537,-0.20223804140884516,0.9642371902703459,-0.813020245023462
270,0.011836695503265044,-0.8139139449093883,0.0,0.17130795517623537,-0.20223804140884516,0.9642371902703459,-0.813020245023462
252,-0.07117098169707665,-0.7887957178930954,0.0,0.1829005115649403,0.18079653569431084,0.9663643285791436,-0.7546618869428764
253,-0.06675744396869655,-0.7911886567831002,0.0,0.1829005115649403,0.18079653569431084,0.9663643285791436,-0.7546618869428764
254,-0.06231850451347731,-0.7935568096035732,0.0,0.1829005115649403,0.18079653569431084,0.9663643285791436,-0.7546618869428764
255,-0.057709311021178836,-0.7939053101563553,0.0,0.1829005115649403,0.18079653569431084,0.9663643285791436,-0.7546618869428764
256,-0.052964760744602365,-0.7922315198644567,0.0,0.1829005115649403,0.18079653569431084,0.9663643285791436,-0.7546618869428764
257,-0.048363420848753266,-0.7925257260627484,0.0,0.1829005115649403,0.18079653569431084,0.9663643285791436,-0.7546618869428764
258,-0.04365022039786724,-0.7907962136109575,0.0,0.1829005115649403,0.18079653569431084,0.9663643285791436,-0.7546618869428764
259,-0.039057372297608674,-0.791036354961904,0.0,0.1829005115649403,0.18079653569431084,0.9663643285791436,-0.7546618869428764
260,-0.034550236921198754,-0.7932479612808149,0.0,0.1829005115649403,0.18079653569431084,0.9663643285791436,-0.7546618869428764
261,-0.030018728049142216,-0.795433769737814,0.0,0.1829005115649403,0.18079653569431084,0.9663643285791436,-0.7546618869428764
262,-0.02539917973694175,-0.7955946755362863,0.0,0.1829005115649403,0.18079653569431084,0.9663643285791436,-0.7546618869428764
263,-0.020778774940927752,-0.7957287531470459,0.0,0.1829005115649403,0.18079653569431084,0.9663643285791436,-0.7546618869428764
264,-0.01627946058509149,-0.8018347441851726,0.0,0.1829005115649403,0.18079653569431084,0.9663643285791436,-0.7546618869428764
265,-0.011651959263606638,-0.8039155826633752,0.0,0.1829005115649403,0.18079653569431084,0.9663643285791436,-0.7546618869428764
266,-0.006948723493444129,-0.7999698333782956,0.0,0.1829005115649403,0.18079653569431084,0.9663643285791436,-0.7546618869428764
267,-0.002303223468524281,-0.7999966963901417,0.0,0.1829005115649403,0.18079653569431084,0.9663643285791436,-0.7546618869428764
268,0.002342354223219464,-0.7999965827740637,0.0,0.1829005115649403,0.18079653569431084,0.9663643285791436,-0.7546618869428764
269,0.006952913593685224,-0.7959696370249036,0.0,0.1829005115649403,0.18079653569431084,0.9663643285791436,-0.7546618869428764
264,-0.017091404205977736,-0.8418265241426931,0.0,-0.1645067598950377,0.37271664133223714,0.9132468621478275,-0.7486638110641289
265,-0.012173688099552707,-0.8399117556376396,0.0,-0.1645067598950377,0.37271664133223714,0.9132468621478275,-0.7486638110641289
266,-0.007278787746778573,-0.8379683875002435,0.0,-0.1645067598950377,0.37271664133223714,0.9132468621478275,-0.7486638110641289
267,-0.0023953524209935338,-0.8319965690140991,0.0,-0.1645067598950377,0.37271664133223714,0.9132468621478275,-0.7486638110641289
268,0.0024360484061097614,-0.8319964508533774,0.0,-0.1645067598950377,0.37271664133223714,0.9132468621478275,-0.7486638110641289
269,0.007302306422338391,-0.8359681325124281,0.0,-0.1645067598950377,0.37271664133223714,0.9132468621478275,-0.7486638110641289
270,0.01212752312150503,-0.8339118112045054,0.0,-0.1645067598950377,0.37271664133223714,0.9132468621478275,-0.7486638110641289
271,0.017051190894826457,-0.8378265071540104,0.0,-0.1645067598950377,0.37271664133223714,0.9132468621478275,-0.7486638110641289
272,0.02186381289176694,-0.8357140754715312,0.0,-0.1645067598950377,0.37271664133223714,0.9132468621478275,-0.7486638110641289
273,0.026524646287324514,-0.829576045601061,0.0,-0.1645067598950377,0.37271664133223714,0.9132468621478275,-0.7486638110641289
274,0.0312659829326099,-0.827409483456929,0.0,-0.1645067598950377,0.37271664133223714,0.9132468621478275,-0.7486638110641289
275,0.03598305173806981,-0.8252158378420744,0.0,-0.1645067598950377,0.37271664133223714,0.9132468621478275,-0.7486638110641289
276,0.040576977805992766,-0.8209979005890751,0.0,-0.1645067598950377,0.37271664133223714,0.9132468621478275,-0.7486638110641289
248,-0.08088650448999793,-0.7114164763014101,0.0,-0.0035210959122101435,-0.3429394439115581,0.9393509140322419,-0.666857602808616
249,-0.07696837637295648,-0.7138626349000143,0.0,-0.0035210959122101435,-0.3429394439115581,0.9393509140322419,-0.666857602808616
250,-0.07302456520994634,-0.7162872706356226,0.0,-0.0035210959122101435,-0.3429394439115581,0.9393509140322419,-0.666857602808616
251,-0.06867259955111799,-0.7147083786683713,0.0,-0.0035210959122101435,-0.3429394439115581,0.9393509140322419,-0.666857602808616
252,-0.06416171749599726,-0.7111112816867041,0.0,-0.0035210959122101435,-0.3429394439115581,0.9393509140322419,-0.666857602808616
253,-0.06003124978285039,-0.7114718757503014,0.0,-0.0035210959122101435,-0.3429394439115581,0.9393509140322419,-0.666857602808616
254,-0.05589875776048262,-0.7118084783247374,0.0,-0.0035210959122101435,-0.3429394439115581,0.9393509140322419,-0.666857602808616
255,-0.05176438078034399,-0.7121210780594622,0.0,-0.0035210959122101435,-0.3429394439115581,0.9393509140322419,-0.666857602808616
256,-0.04722802196251117,-0.7064230460696489,0.0,-0.0035210959122101435,-0.3429394439115581,0.9393509140322419,-0.666857602808616
257,-0.04312506409763898,-0.7066853860972274,0.0,-0.0035210959122101435,-0.3429394439115581,0.9393509140322419,-0.666857602808616
258,-0.03924110812228695,-0.7109178244268138,0.0,-0.0035210959122101435,-0.3429394439115581,0.9393509140322419,-0.666857602808616
259,-0.03501355258015623,-0.7091361087025696,0.0,-0.0035210959122101435,-0.3429394439115581,0.9393509140322419,-0.666857602808616
260,-0.030895046044465104,-0.7093274742035701,0.0,-0.0035210959122101435,-0.3429394439115581,0.9393509140322419,-0.666857602808616
261,-0.02692634588389249,-0.7134920832297189,0.0,-0.0035210959122101435,-0.3429394439115581,0.9393509140322419,-0.666857602808616
262,-0.022782680786622794,-0.7136364133018425,0.0,-0.0035210959122101435,-0.3429394439115581,0.9393509140322419,-0.666857602808616
263,-0.018533831270720617,-0.7097580338598038,0.0,-0.0035210959122101435,-0.3429394439115581,0.9393509140322419,-0.666857602808616
252,-0.07081153156417341,-0.7848118930410375,0.0,0.2528829703732,0.09608379576065104,0.9627139281673724,-0.7675248721783524
253,-0.066421133758264,-0.7872028117921005,0.0,0.2528829703732,0.09608379576065104,0.9627139281673724,-0.7675248721783524
254,-0.0618487684257824,-0.7875752432290748,0.0,0.2528829703732,0.09608379576065104,0.9627139281673724,-0.7675248721783524
255,-0.057419313897078945,-0.7899158281701907,0.0,0.2528829703732,0.09608379576065104,0.9627139281673724,-0.7675248721783524
256,-0.052964760744602365,-0.7922315198644567,0.0,0.2528829703732,0.09608379576065104,0.9627139281673724,-0.7675248721783524
257,-0.04848524149456725,-0.7945219867506572,0.0,0.2528829703732,0.09608379576065104,0.9627139281673724,-0.7675248721783524
258,-0.04409113261093887,-0.7987840703835869,0.0,0.2528829703732,0.09608379576065104,0.9627139281673724,-0.7675248721783524
259,-0.03935326061322386,-0.79702903703167,0.0,0.2528829703732,0.09608379576065104,0.9627139281673724,-0.7675248721783524
260,-0.034637264102090885,-0.7952460411775214,0.0,0.2528829703732,0.09608379576065104,0.9627139281673724,-0.7675248721783524
261,-0.030094151017549427,-0.7974323213082453,0.0,0.2528829703732,0.09608379576065104,0.9627139281673724,-0.7675248721783524
262,-0.02539917973694175,-0.7955946755362863,0.0,0.2528829703732,0.09608379576065104,0.9627139281673724,-0.7675248721783524
263,-0.020778774940927752,-0.7957287531470459,0.0,0.2528829703732,0.09608379576065104,0.9627139281673724,-0.7675248721783524
264,-0.016198266102013904,-0.7978355602301842,0.0,0.2528829703732,0.09608379576065104,0.9627139281673724,-0.7675248721783524
265,-0.011593989200986076,-0.7999159946443714,0.0,0.2528829703732,0.09608379576065104,0.9627139281673724,-0.7675248721783524
266,-0.006948723493444129,-0.7999698333782956,0.0,0.2528829703732,0.09608379576065104,0.9627139281673724,-0.7675248721783524
247,-0.09736503138374812,-0.8141990167848692,0.0,0.1901610670119434,0.2868159252353875,0.9389224641173775,-0.7960975859631609
248,-0.09263537877633707,-0.8147506826439427,0.0,0.1901610670119434,0.2868159252353875,0.9389224641173775,-0.7960975859631609
249,-0.08768820858548085,-0.813286424637217,0.0,0.1901610670119434,0.2868159252353875,0.9389224641173775,-0.7960975859631609
250,-0.08276116906838019,-0.811792192615876,0.0,0.1901610670119434,0.2868159252353875,0.9389224641173775,-0.7960975859631609
251,-0.07804573899055398,-0.8122590951925837,0.0,0.1901610670119434,0.2868159252353875,0.9389224641173775,-0.7960975859631609
252,-0.07314795474993772,-0.8107067248976666,0.0,0.1901610670119434,0.2868159252353875,0.9389224641173775,-0.7960975859631609
253,-0.06843899000945684,-0.8111178223445008,0.0,0.1901610670119434,0.2868159252353875,0.9389224641173775,-0.7960975859631609
254,-0.06404087639025534,-0.8154892988723312,0.0,0.1901610670119434,0.2868159252353875,0.9389224641173775,-0.7960975859631609
255,-0.05944928944449302,-0.8178421426255502,0.0,0.1901610670119434,0.2868159252353875,0.9389224641173775,-0.7960975859631609
256,-0.054565709900348126,-0.8161780527110426,0.0,0.1901610670119434,0.2868159252353875,0.9389224641173775,-0.7960975859631609
257,-0.0500689316736584,-0.8204737326572956,0.0,0.1901610670119434,0.2868159252353875,0.9389224641173775,-0.7960975859631609
258,-0.04541386596510842,-0.822747581187425,0.0,0.1901610670119434,0.2868159252353875,0.9389224641173775,-0.7960975859631609
259,-0.040536819754474554,-0.8209998843749797,0.0,0.1901610670119434,0.2868159252353875,0.9389224641173775,-0.7960975859631609
260,-0.03576863301556148,-0.8212214371238339,0.0,0.1901610670119434,0.2868159252353875,0.9389224641173775,-0.7960975859631609
261,-0.030999240125287316,-0.8214152975268915,0.0,0.1901610670119434,0.2868159252353875,0.9389224641173775,-0.7960975859631609
262,-0.026164983797502078,-0.8195824436215569,0.0,0.1901610670119434,0.2868159252353875,0.9389224641173775,-0.7960975859631609
263,-0.02135306307366711,-0.8177212710462474,0.0,0.1901610670119434,0.2868159252353875,0.9389224641173775,-0.7960975859631609
